index,title,code,price
0,"Телевизор JVC LT-24VH4900 LED 24.0 "", 61.0 см",Код: 10443,"299
.
99"
1,"Телевизор JVC LT-24VAH3000 LED SMART TV, ANDROID, 24.0 "", 60.0 см",Код: 10463,"299
.
99"
2,"Телевизор SANG LE-32Z17 LED 32.0 "", 81.0 см",Код: 13880,"309
.
99"
3,"Телевизор LG 24TL510V-PZ TV+MONITOR 23.6 "", 60.0 см",Код: 16468,"329
.
99"
4,"Телевизор LG 24TL510V-WZ TV+MONITOR 23.6 "", 60.0 см",Код: 16470,"329
.
99"
5,"Телевизор SHARP 24BB0E LED 24.0 "", 60.0 см",Код: 15013,"339
.
99"
6,"Телевизор JVC LT-32VH3905 LED 32.0 "", 81.0 см",Код: 10425,"349
.
99"
7,"Телевизор HISENSE 32A5100F LED 32.0 "", 80.0 см",Код: 17062,"349
.
99"
8,"Телевизор PHILIPS 32PHT5505 LED 32.0 "", 80.0 см",Код: 15564,"379
.
00"
9,"Телевизор PHILIPS 24PFS5535 12V LED 24.0 "", 60.0 см",Код: 15712,"379
.
99"
10,"Телевизор LG 24TN510S-PZ TV+MONITOR SMART TV, 23.6 "", 60.0 см",Код: 10259,"379
.
99"
11,"Телевизор PHILIPS 32PHS5525 LED 32.0 "", 80.0 см",Код: 15546,"379
.
99"
12,"Телевизор PHILIPS 32PHS5505 LED 32.0 "", 80.0 см",Код: 15553,"379
.
99"
13,"Телевизор SMARTTECH SMT-40N30FC LED 40.0 "", 100.3 см",Код: 17076,"389
.
99"
14,"Телевизор LG 24TN510S-WZ TV+MONITOR SMART TV, 23.6 "", 60.0 см",Код: 10228,"399
.
99"
15,"Телевизор LG 28TN515S-WZ SMART TV, 27.5 "", 70.0 см",Код: 10231,"399
.
99"
16,"Телевизор LG 28TN515V-WZ TV+MONITOR 27.5 "", 70.0 см",Код: 10234,"399
.
99"
17,"Телевизор LG 28TN515V-PZ TV+MONITOR 27.5 "", 70.0 см",Код: 10242,"399
.
99"
18,"Телевизор SHARP 24BC0E LED SMART TV, 24.0 "", 60.0 см",Код: 15014,"399
.
99"
19,"Телевизор SMARTTECH SMT-32N30HV LED SMART TV, 32.0 "", 80.0 см",Код: 17072,"399
.
99"
20,"Телевизор SHARP 32BC3E LED SMART TV, 32.0 "", 81.0 см",Код: 15010,"409
.
99"
21,"Телевизор TOSHIBA 32WA3B63DG LED SMART TV, ANDROID, 32.0 "", 81.0 см",Код: 18342,"419
.
99"
22,"Телевизор TOSHIBA 32WA2063DG SMART TV, ANDROID, 32.0 "", 81.0 см",Код: 18350,"419
.
99"
23,"Телевизор LG 28TN515S-PZ SMART TV, 27.5 "", 70.0 см",Код: 10233,"429
.
99"
24,"Телевизор JVC LT-32VAH3000 LED SMART TV, ANDROID, 32.0 "", 81.0 см",Код: 10452,"429
.
99"
25,"Телевизор JVC LT-32VAF3000 LED SMART TV, ANDROID, 32.0 "", 81.0 см",Код: 10456,"429
.
99"
26,"Телевизор HISENSE 32A5600F LED SMART TV, VIDAA, 32.0 "", 80.0 см",Код: 17064,"429
.
99"
27,"Телевизор SHARP 32BI5EA LED SMART TV, ANDROID, 32.0 "", 81.0 см",Код: 14998,"439
.
99"
28,"Телевизор HISENSE 32A5700FA LED SMART TV, ANDROID, 32.0 "", 80.0 см",Код: 17079,"439
.
99"
29,"Телевизор LG 32LM550BPLB LED 32.0 "", 80.0 см",Код: 16446,"449
.
00"
30,"Телевизор JVC LT-24VH4900 LED 24.0 "", 61.0 см",Код: 10443,"299
.
99"
31,"Телевизор JVC LT-24VAH3000 LED SMART TV, ANDROID, 24.0 "", 60.0 см",Код: 10463,"299
.
99"
32,"Телевизор SANG LE-32Z17 LED 32.0 "", 81.0 см",Код: 13880,"309
.
99"
33,"Телевизор LG 24TL510V-PZ TV+MONITOR 23.6 "", 60.0 см",Код: 16468,"329
.
99"
34,"Телевизор LG 24TL510V-WZ TV+MONITOR 23.6 "", 60.0 см",Код: 16470,"329
.
99"
35,"Телевизор SHARP 24BB0E LED 24.0 "", 60.0 см",Код: 15013,"339
.
99"
36,"Телевизор JVC LT-32VH3905 LED 32.0 "", 81.0 см",Код: 10425,"349
.
99"
37,"Телевизор HISENSE 32A5100F LED 32.0 "", 80.0 см",Код: 17062,"349
.
99"
38,"Телевизор PHILIPS 32PHT5505 LED 32.0 "", 80.0 см",Код: 15564,"379
.
00"
39,"Телевизор PHILIPS 24PFS5535 12V LED 24.0 "", 60.0 см",Код: 15712,"379
.
99"
40,"Телевизор LG 24TN510S-PZ TV+MONITOR SMART TV, 23.6 "", 60.0 см",Код: 10259,"379
.
99"
41,"Телевизор PHILIPS 32PHS5525 LED 32.0 "", 80.0 см",Код: 15546,"379
.
99"
42,"Телевизор PHILIPS 32PHS5505 LED 32.0 "", 80.0 см",Код: 15553,"379
.
99"
43,"Телевизор SMARTTECH SMT-40N30FC LED 40.0 "", 100.3 см",Код: 17076,"389
.
99"
44,"Телевизор LG 24TN510S-WZ TV+MONITOR SMART TV, 23.6 "", 60.0 см",Код: 10228,"399
.
99"
45,"Телевизор LG 28TN515S-WZ SMART TV, 27.5 "", 70.0 см",Код: 10231,"399
.
99"
46,"Телевизор LG 28TN515V-WZ TV+MONITOR 27.5 "", 70.0 см",Код: 10234,"399
.
99"
47,"Телевизор LG 28TN515V-PZ TV+MONITOR 27.5 "", 70.0 см",Код: 10242,"399
.
99"
48,"Телевизор SHARP 24BC0E LED SMART TV, 24.0 "", 60.0 см",Код: 15014,"399
.
99"
49,"Телевизор SMARTTECH SMT-32N30HV LED SMART TV, 32.0 "", 80.0 см",Код: 17072,"399
.
99"
50,"Телевизор SHARP 32BC3E LED SMART TV, 32.0 "", 81.0 см",Код: 15010,"409
.
99"
51,"Телевизор TOSHIBA 32WA3B63DG LED SMART TV, ANDROID, 32.0 "", 81.0 см",Код: 18342,"419
.
99"
52,"Телевизор TOSHIBA 32WA2063DG SMART TV, ANDROID, 32.0 "", 81.0 см",Код: 18350,"419
.
99"
53,"Телевизор LG 28TN515S-PZ SMART TV, 27.5 "", 70.0 см",Код: 10233,"429
.
99"
54,"Телевизор JVC LT-32VAH3000 LED SMART TV, ANDROID, 32.0 "", 81.0 см",Код: 10452,"429
.
99"
55,"Телевизор JVC LT-32VAF3000 LED SMART TV, ANDROID, 32.0 "", 81.0 см",Код: 10456,"429
.
99"
56,"Телевизор HISENSE 32A5600F LED SMART TV, VIDAA, 32.0 "", 80.0 см",Код: 17064,"429
.
99"
57,"Телевизор SHARP 32BI5EA LED SMART TV, ANDROID, 32.0 "", 81.0 см",Код: 14998,"439
.
99"
58,"Телевизор HISENSE 32A5700FA LED SMART TV, ANDROID, 32.0 "", 80.0 см",Код: 17079,"439
.
99"
59,"Телевизор LG 32LM550BPLB LED 32.0 "", 80.0 см",Код: 16446,"449
.
00"
60,"Телевизор JVC LT-24VH4900 LED 24.0 "", 61.0 см",Код: 10443,"299
.
99"
61,"Телевизор JVC LT-24VAH3000 LED SMART TV, ANDROID, 24.0 "", 60.0 см",Код: 10463,"299
.
99"
62,"Телевизор SANG LE-32Z17 LED 32.0 "", 81.0 см",Код: 13880,"309
.
99"
63,"Телевизор LG 24TL510V-PZ TV+MONITOR 23.6 "", 60.0 см",Код: 16468,"329
.
99"
64,"Телевизор LG 24TL510V-WZ TV+MONITOR 23.6 "", 60.0 см",Код: 16470,"329
.
99"
65,"Телевизор SHARP 24BB0E LED 24.0 "", 60.0 см",Код: 15013,"339
.
99"
66,"Телевизор JVC LT-32VH3905 LED 32.0 "", 81.0 см",Код: 10425,"349
.
99"
67,"Телевизор HISENSE 32A5100F LED 32.0 "", 80.0 см",Код: 17062,"349
.
99"
68,"Телевизор PHILIPS 32PHT5505 LED 32.0 "", 80.0 см",Код: 15564,"379
.
00"
69,"Телевизор PHILIPS 24PFS5535 12V LED 24.0 "", 60.0 см",Код: 15712,"379
.
99"
70,"Телевизор LG 24TN510S-PZ TV+MONITOR SMART TV, 23.6 "", 60.0 см",Код: 10259,"379
.
99"
71,"Телевизор PHILIPS 32PHS5525 LED 32.0 "", 80.0 см",Код: 15546,"379
.
99"
72,"Телевизор PHILIPS 32PHS5505 LED 32.0 "", 80.0 см",Код: 15553,"379
.
99"
73,"Телевизор SMARTTECH SMT-40N30FC LED 40.0 "", 100.3 см",Код: 17076,"389
.
99"
74,"Телевизор LG 24TN510S-WZ TV+MONITOR SMART TV, 23.6 "", 60.0 см",Код: 10228,"399
.
99"
75,"Телевизор LG 28TN515S-WZ SMART TV, 27.5 "", 70.0 см",Код: 10231,"399
.
99"
76,"Телевизор LG 28TN515V-WZ TV+MONITOR 27.5 "", 70.0 см",Код: 10234,"399
.
99"
77,"Телевизор LG 28TN515V-PZ TV+MONITOR 27.5 "", 70.0 см",Код: 10242,"399
.
99"
78,"Телевизор SHARP 24BC0E LED SMART TV, 24.0 "", 60.0 см",Код: 15014,"399
.
99"
79,"Телевизор SMARTTECH SMT-32N30HV LED SMART TV, 32.0 "", 80.0 см",Код: 17072,"399
.
99"
80,"Телевизор SHARP 32BC3E LED SMART TV, 32.0 "", 81.0 см",Код: 15010,"409
.
99"
81,"Телевизор TOSHIBA 32WA3B63DG LED SMART TV, ANDROID, 32.0 "", 81.0 см",Код: 18342,"419
.
99"
82,"Телевизор TOSHIBA 32WA2063DG SMART TV, ANDROID, 32.0 "", 81.0 см",Код: 18350,"419
.
99"
83,"Телевизор LG 28TN515S-PZ SMART TV, 27.5 "", 70.0 см",Код: 10233,"429
.
99"
84,"Телевизор JVC LT-32VAH3000 LED SMART TV, ANDROID, 32.0 "", 81.0 см",Код: 10452,"429
.
99"
85,"Телевизор JVC LT-32VAF3000 LED SMART TV, ANDROID, 32.0 "", 81.0 см",Код: 10456,"429
.
99"
86,"Телевизор HISENSE 32A5600F LED SMART TV, VIDAA, 32.0 "", 80.0 см",Код: 17064,"429
.
99"
87,"Телевизор SHARP 32BI5EA LED SMART TV, ANDROID, 32.0 "", 81.0 см",Код: 14998,"439
.
99"
88,"Телевизор HISENSE 32A5700FA LED SMART TV, ANDROID, 32.0 "", 80.0 см",Код: 17079,"439
.
99"
89,"Телевизор LG 32LM550BPLB LED 32.0 "", 80.0 см",Код: 16446,"449
.
00"
90,"Телевизор JVC LT-24VH4900 LED 24.0 "", 61.0 см",Код: 10443,"299
.
99"
91,"Телевизор JVC LT-24VAH3000 LED SMART TV, ANDROID, 24.0 "", 60.0 см",Код: 10463,"299
.
99"
92,"Телевизор SANG LE-32Z17 LED 32.0 "", 81.0 см",Код: 13880,"309
.
99"
93,"Телевизор LG 24TL510V-PZ TV+MONITOR 23.6 "", 60.0 см",Код: 16468,"329
.
99"
94,"Телевизор LG 24TL510V-WZ TV+MONITOR 23.6 "", 60.0 см",Код: 16470,"329
.
99"
95,"Телевизор SHARP 24BB0E LED 24.0 "", 60.0 см",Код: 15013,"339
.
99"
96,"Телевизор JVC LT-32VH3905 LED 32.0 "", 81.0 см",Код: 10425,"349
.
99"
97,"Телевизор HISENSE 32A5100F LED 32.0 "", 80.0 см",Код: 17062,"349
.
99"
98,"Телевизор PHILIPS 32PHT5505 LED 32.0 "", 80.0 см",Код: 15564,"379
.
00"
99,"Телевизор PHILIPS 24PFS5535 12V LED 24.0 "", 60.0 см",Код: 15712,"379
.
99"
100,"Телевизор LG 24TN510S-PZ TV+MONITOR SMART TV, 23.6 "", 60.0 см",Код: 10259,"379
.
99"
101,"Телевизор PHILIPS 32PHS5525 LED 32.0 "", 80.0 см",Код: 15546,"379
.
99"
102,"Телевизор PHILIPS 32PHS5505 LED 32.0 "", 80.0 см",Код: 15553,"379
.
99"
103,"Телевизор SMARTTECH SMT-40N30FC LED 40.0 "", 100.3 см",Код: 17076,"389
.
99"
104,"Телевизор LG 24TN510S-WZ TV+MONITOR SMART TV, 23.6 "", 60.0 см",Код: 10228,"399
.
99"
105,"Телевизор LG 28TN515S-WZ SMART TV, 27.5 "", 70.0 см",Код: 10231,"399
.
99"
106,"Телевизор LG 28TN515V-WZ TV+MONITOR 27.5 "", 70.0 см",Код: 10234,"399
.
99"
107,"Телевизор LG 28TN515V-PZ TV+MONITOR 27.5 "", 70.0 см",Код: 10242,"399
.
99"
108,"Телевизор SHARP 24BC0E LED SMART TV, 24.0 "", 60.0 см",Код: 15014,"399
.
99"
109,"Телевизор SMARTTECH SMT-32N30HV LED SMART TV, 32.0 "", 80.0 см",Код: 17072,"399
.
99"
110,"Телевизор SHARP 32BC3E LED SMART TV, 32.0 "", 81.0 см",Код: 15010,"409
.
99"
111,"Телевизор TOSHIBA 32WA3B63DG LED SMART TV, ANDROID, 32.0 "", 81.0 см",Код: 18342,"419
.
99"
112,"Телевизор TOSHIBA 32WA2063DG SMART TV, ANDROID, 32.0 "", 81.0 см",Код: 18350,"419
.
99"
113,"Телевизор LG 28TN515S-PZ SMART TV, 27.5 "", 70.0 см",Код: 10233,"429
.
99"
114,"Телевизор JVC LT-32VAH3000 LED SMART TV, ANDROID, 32.0 "", 81.0 см",Код: 10452,"429
.
99"
115,"Телевизор JVC LT-32VAF3000 LED SMART TV, ANDROID, 32.0 "", 81.0 см",Код: 10456,"429
.
99"
116,"Телевизор HISENSE 32A5600F LED SMART TV, VIDAA, 32.0 "", 80.0 см",Код: 17064,"429
.
99"
117,"Телевизор SHARP 32BI5EA LED SMART TV, ANDROID, 32.0 "", 81.0 см",Код: 14998,"439
.
99"
118,"Телевизор HISENSE 32A5700FA LED SMART TV, ANDROID, 32.0 "", 80.0 см",Код: 17079,"439
.
99"
119,"Телевизор LG 32LM550BPLB LED 32.0 "", 80.0 см",Код: 16446,"449
.
00"
120,"Телевизор JVC LT-24VH4900 LED 24.0 "", 61.0 см",Код: 10443,"299
.
99"
121,"Телевизор JVC LT-24VAH3000 LED SMART TV, ANDROID, 24.0 "", 60.0 см",Код: 10463,"299
.
99"
122,"Телевизор SANG LE-32Z17 LED 32.0 "", 81.0 см",Код: 13880,"309
.
99"
123,"Телевизор LG 24TL510V-PZ TV+MONITOR 23.6 "", 60.0 см",Код: 16468,"329
.
99"
124,"Телевизор LG 24TL510V-WZ TV+MONITOR 23.6 "", 60.0 см",Код: 16470,"329
.
99"
125,"Телевизор SHARP 24BB0E LED 24.0 "", 60.0 см",Код: 15013,"339
.
99"
126,"Телевизор JVC LT-32VH3905 LED 32.0 "", 81.0 см",Код: 10425,"349
.
99"
127,"Телевизор HISENSE 32A5100F LED 32.0 "", 80.0 см",Код: 17062,"349
.
99"
128,"Телевизор PHILIPS 32PHT5505 LED 32.0 "", 80.0 см",Код: 15564,"379
.
00"
129,"Телевизор PHILIPS 24PFS5535 12V LED 24.0 "", 60.0 см",Код: 15712,"379
.
99"
130,"Телевизор LG 24TN510S-PZ TV+MONITOR SMART TV, 23.6 "", 60.0 см",Код: 10259,"379
.
99"
131,"Телевизор PHILIPS 32PHS5525 LED 32.0 "", 80.0 см",Код: 15546,"379
.
99"
132,"Телевизор PHILIPS 32PHS5505 LED 32.0 "", 80.0 см",Код: 15553,"379
.
99"
133,"Телевизор SMARTTECH SMT-40N30FC LED 40.0 "", 100.3 см",Код: 17076,"389
.
99"
134,"Телевизор LG 24TN510S-WZ TV+MONITOR SMART TV, 23.6 "", 60.0 см",Код: 10228,"399
.
99"
135,"Телевизор LG 28TN515S-WZ SMART TV, 27.5 "", 70.0 см",Код: 10231,"399
.
99"
136,"Телевизор LG 28TN515V-WZ TV+MONITOR 27.5 "", 70.0 см",Код: 10234,"399
.
99"
137,"Телевизор LG 28TN515V-PZ TV+MONITOR 27.5 "", 70.0 см",Код: 10242,"399
.
99"
138,"Телевизор SHARP 24BC0E LED SMART TV, 24.0 "", 60.0 см",Код: 15014,"399
.
99"
139,"Телевизор SMARTTECH SMT-32N30HV LED SMART TV, 32.0 "", 80.0 см",Код: 17072,"399
.
99"
140,"Телевизор SHARP 32BC3E LED SMART TV, 32.0 "", 81.0 см",Код: 15010,"409
.
99"
141,"Телевизор TOSHIBA 32WA3B63DG LED SMART TV, ANDROID, 32.0 "", 81.0 см",Код: 18342,"419
.
99"
142,"Телевизор TOSHIBA 32WA2063DG SMART TV, ANDROID, 32.0 "", 81.0 см",Код: 18350,"419
.
99"
143,"Телевизор LG 28TN515S-PZ SMART TV, 27.5 "", 70.0 см",Код: 10233,"429
.
99"
144,"Телевизор JVC LT-32VAH3000 LED SMART TV, ANDROID, 32.0 "", 81.0 см",Код: 10452,"429
.
99"
145,"Телевизор JVC LT-32VAF3000 LED SMART TV, ANDROID, 32.0 "", 81.0 см",Код: 10456,"429
.
99"
146,"Телевизор HISENSE 32A5600F LED SMART TV, VIDAA, 32.0 "", 80.0 см",Код: 17064,"429
.
99"
147,"Телевизор SHARP 32BI5EA LED SMART TV, ANDROID, 32.0 "", 81.0 см",Код: 14998,"439
.
99"
148,"Телевизор HISENSE 32A5700FA LED SMART TV, ANDROID, 32.0 "", 80.0 см",Код: 17079,"439
.
99"
149,"Телевизор LG 32LM550BPLB LED 32.0 "", 80.0 см",Код: 16446,"449
.
00"
150,"Телевизор JVC LT-24VH4900 LED 24.0 "", 61.0 см",Код: 10443,"299
.
99"
151,"Телевизор JVC LT-24VAH3000 LED SMART TV, ANDROID, 24.0 "", 60.0 см",Код: 10463,"299
.
99"
152,"Телевизор SANG LE-32Z17 LED 32.0 "", 81.0 см",Код: 13880,"309
.
99"
153,"Телевизор LG 24TL510V-PZ TV+MONITOR 23.6 "", 60.0 см",Код: 16468,"329
.
99"
154,"Телевизор LG 24TL510V-WZ TV+MONITOR 23.6 "", 60.0 см",Код: 16470,"329
.
99"
155,"Телевизор SHARP 24BB0E LED 24.0 "", 60.0 см",Код: 15013,"339
.
99"
156,"Телевизор JVC LT-32VH3905 LED 32.0 "", 81.0 см",Код: 10425,"349
.
99"
157,"Телевизор HISENSE 32A5100F LED 32.0 "", 80.0 см",Код: 17062,"349
.
99"
158,"Телевизор PHILIPS 32PHT5505 LED 32.0 "", 80.0 см",Код: 15564,"379
.
00"
159,"Телевизор PHILIPS 24PFS5535 12V LED 24.0 "", 60.0 см",Код: 15712,"379
.
99"
160,"Телевизор LG 24TN510S-PZ TV+MONITOR SMART TV, 23.6 "", 60.0 см",Код: 10259,"379
.
99"
161,"Телевизор PHILIPS 32PHS5525 LED 32.0 "", 80.0 см",Код: 15546,"379
.
99"
162,"Телевизор PHILIPS 32PHS5505 LED 32.0 "", 80.0 см",Код: 15553,"379
.
99"
163,"Телевизор SMARTTECH SMT-40N30FC LED 40.0 "", 100.3 см",Код: 17076,"389
.
99"
164,"Телевизор LG 24TN510S-WZ TV+MONITOR SMART TV, 23.6 "", 60.0 см",Код: 10228,"399
.
99"
165,"Телевизор LG 28TN515S-WZ SMART TV, 27.5 "", 70.0 см",Код: 10231,"399
.
99"
166,"Телевизор LG 28TN515V-WZ TV+MONITOR 27.5 "", 70.0 см",Код: 10234,"399
.
99"
167,"Телевизор LG 28TN515V-PZ TV+MONITOR 27.5 "", 70.0 см",Код: 10242,"399
.
99"
168,"Телевизор SHARP 24BC0E LED SMART TV, 24.0 "", 60.0 см",Код: 15014,"399
.
99"
169,"Телевизор SMARTTECH SMT-32N30HV LED SMART TV, 32.0 "", 80.0 см",Код: 17072,"399
.
99"
170,"Телевизор SHARP 32BC3E LED SMART TV, 32.0 "", 81.0 см",Код: 15010,"409
.
99"
171,"Телевизор TOSHIBA 32WA3B63DG LED SMART TV, ANDROID, 32.0 "", 81.0 см",Код: 18342,"419
.
99"
172,"Телевизор TOSHIBA 32WA2063DG SMART TV, ANDROID, 32.0 "", 81.0 см",Код: 18350,"419
.
99"
173,"Телевизор LG 28TN515S-PZ SMART TV, 27.5 "", 70.0 см",Код: 10233,"429
.
99"
174,"Телевизор JVC LT-32VAH3000 LED SMART TV, ANDROID, 32.0 "", 81.0 см",Код: 10452,"429
.
99"
175,"Телевизор JVC LT-32VAF3000 LED SMART TV, ANDROID, 32.0 "", 81.0 см",Код: 10456,"429
.
99"
176,"Телевизор HISENSE 32A5600F LED SMART TV, VIDAA, 32.0 "", 80.0 см",Код: 17064,"429
.
99"
177,"Телевизор SHARP 32BI5EA LED SMART TV, ANDROID, 32.0 "", 81.0 см",Код: 14998,"439
.
99"
178,"Телевизор HISENSE 32A5700FA LED SMART TV, ANDROID, 32.0 "", 80.0 см",Код: 17079,"439
.
99"
179,"Телевизор LG 32LM550BPLB LED 32.0 "", 80.0 см",Код: 16446,"449
.
00"
180,"Телевизор JVC LT-24VH4900 LED 24.0 "", 61.0 см",Код: 10443,"299
.
99"
181,"Телевизор JVC LT-24VAH3000 LED SMART TV, ANDROID, 24.0 "", 60.0 см",Код: 10463,"299
.
99"
182,"Телевизор SANG LE-32Z17 LED 32.0 "", 81.0 см",Код: 13880,"309
.
99"
183,"Телевизор LG 24TL510V-PZ TV+MONITOR 23.6 "", 60.0 см",Код: 16468,"329
.
99"
184,"Телевизор LG 24TL510V-WZ TV+MONITOR 23.6 "", 60.0 см",Код: 16470,"329
.
99"
185,"Телевизор SHARP 24BB0E LED 24.0 "", 60.0 см",Код: 15013,"339
.
99"
186,"Телевизор JVC LT-32VH3905 LED 32.0 "", 81.0 см",Код: 10425,"349
.
99"
187,"Телевизор HISENSE 32A5100F LED 32.0 "", 80.0 см",Код: 17062,"349
.
99"
188,"Телевизор PHILIPS 32PHT5505 LED 32.0 "", 80.0 см",Код: 15564,"379
.
00"
189,"Телевизор PHILIPS 24PFS5535 12V LED 24.0 "", 60.0 см",Код: 15712,"379
.
99"
190,"Телевизор LG 24TN510S-PZ TV+MONITOR SMART TV, 23.6 "", 60.0 см",Код: 10259,"379
.
99"
191,"Телевизор PHILIPS 32PHS5525 LED 32.0 "", 80.0 см",Код: 15546,"379
.
99"
192,"Телевизор PHILIPS 32PHS5505 LED 32.0 "", 80.0 см",Код: 15553,"379
.
99"
193,"Телевизор SMARTTECH SMT-40N30FC LED 40.0 "", 100.3 см",Код: 17076,"389
.
99"
194,"Телевизор LG 24TN510S-WZ TV+MONITOR SMART TV, 23.6 "", 60.0 см",Код: 10228,"399
.
99"
195,"Телевизор LG 28TN515S-WZ SMART TV, 27.5 "", 70.0 см",Код: 10231,"399
.
99"
196,"Телевизор LG 28TN515V-WZ TV+MONITOR 27.5 "", 70.0 см",Код: 10234,"399
.
99"
197,"Телевизор LG 28TN515V-PZ TV+MONITOR 27.5 "", 70.0 см",Код: 10242,"399
.
99"
198,"Телевизор SHARP 24BC0E LED SMART TV, 24.0 "", 60.0 см",Код: 15014,"399
.
99"
199,"Телевизор SMARTTECH SMT-32N30HV LED SMART TV, 32.0 "", 80.0 см",Код: 17072,"399
.
99"
200,"Телевизор SHARP 32BC3E LED SMART TV, 32.0 "", 81.0 см",Код: 15010,"409
.
99"
201,"Телевизор TOSHIBA 32WA3B63DG LED SMART TV, ANDROID, 32.0 "", 81.0 см",Код: 18342,"419
.
99"
202,"Телевизор TOSHIBA 32WA2063DG SMART TV, ANDROID, 32.0 "", 81.0 см",Код: 18350,"419
.
99"
203,"Телевизор LG 28TN515S-PZ SMART TV, 27.5 "", 70.0 см",Код: 10233,"429
.
99"
204,"Телевизор JVC LT-32VAH3000 LED SMART TV, ANDROID, 32.0 "", 81.0 см",Код: 10452,"429
.
99"
205,"Телевизор JVC LT-32VAF3000 LED SMART TV, ANDROID, 32.0 "", 81.0 см",Код: 10456,"429
.
99"
206,"Телевизор HISENSE 32A5600F LED SMART TV, VIDAA, 32.0 "", 80.0 см",Код: 17064,"429
.
99"
207,"Телевизор SHARP 32BI5EA LED SMART TV, ANDROID, 32.0 "", 81.0 см",Код: 14998,"439
.
99"
208,"Телевизор HISENSE 32A5700FA LED SMART TV, ANDROID, 32.0 "", 80.0 см",Код: 17079,"439
.
99"
209,"Телевизор LG 32LM550BPLB LED 32.0 "", 80.0 см",Код: 16446,"449
.
00"
210,"Телевизор JVC LT-24VH4900 LED 24.0 "", 61.0 см",Код: 10443,"299
.
99"
211,"Телевизор JVC LT-24VAH3000 LED SMART TV, ANDROID, 24.0 "", 60.0 см",Код: 10463,"299
.
99"
212,"Телевизор SANG LE-32Z17 LED 32.0 "", 81.0 см",Код: 13880,"309
.
99"
213,"Телевизор LG 24TL510V-PZ TV+MONITOR 23.6 "", 60.0 см",Код: 16468,"329
.
99"
214,"Телевизор LG 24TL510V-WZ TV+MONITOR 23.6 "", 60.0 см",Код: 16470,"329
.
99"
215,"Телевизор SHARP 24BB0E LED 24.0 "", 60.0 см",Код: 15013,"339
.
99"
216,"Телевизор JVC LT-32VH3905 LED 32.0 "", 81.0 см",Код: 10425,"349
.
99"
217,"Телевизор HISENSE 32A5100F LED 32.0 "", 80.0 см",Код: 17062,"349
.
99"
218,"Телевизор PHILIPS 32PHT5505 LED 32.0 "", 80.0 см",Код: 15564,"379
.
00"
219,"Телевизор PHILIPS 24PFS5535 12V LED 24.0 "", 60.0 см",Код: 15712,"379
.
99"
220,"Телевизор LG 24TN510S-PZ TV+MONITOR SMART TV, 23.6 "", 60.0 см",Код: 10259,"379
.
99"
221,"Телевизор PHILIPS 32PHS5525 LED 32.0 "", 80.0 см",Код: 15546,"379
.
99"
222,"Телевизор PHILIPS 32PHS5505 LED 32.0 "", 80.0 см",Код: 15553,"379
.
99"
223,"Телевизор SMARTTECH SMT-40N30FC LED 40.0 "", 100.3 см",Код: 17076,"389
.
99"
224,"Телевизор LG 24TN510S-WZ TV+MONITOR SMART TV, 23.6 "", 60.0 см",Код: 10228,"399
.
99"
225,"Телевизор LG 28TN515S-WZ SMART TV, 27.5 "", 70.0 см",Код: 10231,"399
.
99"
226,"Телевизор LG 28TN515V-WZ TV+MONITOR 27.5 "", 70.0 см",Код: 10234,"399
.
99"
227,"Телевизор LG 28TN515V-PZ TV+MONITOR 27.5 "", 70.0 см",Код: 10242,"399
.
99"
228,"Телевизор SHARP 24BC0E LED SMART TV, 24.0 "", 60.0 см",Код: 15014,"399
.
99"
229,"Телевизор SMARTTECH SMT-32N30HV LED SMART TV, 32.0 "", 80.0 см",Код: 17072,"399
.
99"
230,"Телевизор SHARP 32BC3E LED SMART TV, 32.0 "", 81.0 см",Код: 15010,"409
.
99"
231,"Телевизор TOSHIBA 32WA3B63DG LED SMART TV, ANDROID, 32.0 "", 81.0 см",Код: 18342,"419
.
99"
232,"Телевизор TOSHIBA 32WA2063DG SMART TV, ANDROID, 32.0 "", 81.0 см",Код: 18350,"419
.
99"
233,"Телевизор LG 28TN515S-PZ SMART TV, 27.5 "", 70.0 см",Код: 10233,"429
.
99"
234,"Телевизор JVC LT-32VAH3000 LED SMART TV, ANDROID, 32.0 "", 81.0 см",Код: 10452,"429
.
99"
235,"Телевизор JVC LT-32VAF3000 LED SMART TV, ANDROID, 32.0 "", 81.0 см",Код: 10456,"429
.
99"
236,"Телевизор HISENSE 32A5600F LED SMART TV, VIDAA, 32.0 "", 80.0 см",Код: 17064,"429
.
99"
237,"Телевизор SHARP 32BI5EA LED SMART TV, ANDROID, 32.0 "", 81.0 см",Код: 14998,"439
.
99"
238,"Телевизор HISENSE 32A5700FA LED SMART TV, ANDROID, 32.0 "", 80.0 см",Код: 17079,"439
.
99"
239,"Телевизор LG 32LM550BPLB LED 32.0 "", 80.0 см",Код: 16446,"449
.
00"
240,"Телевизор JVC LT-24VH4900 LED 24.0 "", 61.0 см",Код: 10443,"299
.
99"
241,"Телевизор JVC LT-24VAH3000 LED SMART TV, ANDROID, 24.0 "", 60.0 см",Код: 10463,"299
.
99"
242,"Телевизор SANG LE-32Z17 LED 32.0 "", 81.0 см",Код: 13880,"309
.
99"
243,"Телевизор LG 24TL510V-PZ TV+MONITOR 23.6 "", 60.0 см",Код: 16468,"329
.
99"
244,"Телевизор LG 24TL510V-WZ TV+MONITOR 23.6 "", 60.0 см",Код: 16470,"329
.
99"
245,"Телевизор SHARP 24BB0E LED 24.0 "", 60.0 см",Код: 15013,"339
.
99"
246,"Телевизор JVC LT-32VH3905 LED 32.0 "", 81.0 см",Код: 10425,"349
.
99"
247,"Телевизор HISENSE 32A5100F LED 32.0 "", 80.0 см",Код: 17062,"349
.
99"
248,"Телевизор PHILIPS 32PHT5505 LED 32.0 "", 80.0 см",Код: 15564,"379
.
00"
249,"Телевизор PHILIPS 24PFS5535 12V LED 24.0 "", 60.0 см",Код: 15712,"379
.
99"
250,"Телевизор LG 24TN510S-PZ TV+MONITOR SMART TV, 23.6 "", 60.0 см",Код: 10259,"379
.
99"
251,"Телевизор PHILIPS 32PHS5525 LED 32.0 "", 80.0 см",Код: 15546,"379
.
99"
252,"Телевизор PHILIPS 32PHS5505 LED 32.0 "", 80.0 см",Код: 15553,"379
.
99"
253,"Телевизор SMARTTECH SMT-40N30FC LED 40.0 "", 100.3 см",Код: 17076,"389
.
99"
254,"Телевизор LG 24TN510S-WZ TV+MONITOR SMART TV, 23.6 "", 60.0 см",Код: 10228,"399
.
99"
255,"Телевизор LG 28TN515S-WZ SMART TV, 27.5 "", 70.0 см",Код: 10231,"399
.
99"
256,"Телевизор LG 28TN515V-WZ TV+MONITOR 27.5 "", 70.0 см",Код: 10234,"399
.
99"
257,"Телевизор LG 28TN515V-PZ TV+MONITOR 27.5 "", 70.0 см",Код: 10242,"399
.
99"
258,"Телевизор SHARP 24BC0E LED SMART TV, 24.0 "", 60.0 см",Код: 15014,"399
.
99"
259,"Телевизор SMARTTECH SMT-32N30HV LED SMART TV, 32.0 "", 80.0 см",Код: 17072,"399
.
99"
260,"Телевизор SHARP 32BC3E LED SMART TV, 32.0 "", 81.0 см",Код: 15010,"409
.
99"
261,"Телевизор TOSHIBA 32WA3B63DG LED SMART TV, ANDROID, 32.0 "", 81.0 см",Код: 18342,"419
.
99"
262,"Телевизор TOSHIBA 32WA2063DG SMART TV, ANDROID, 32.0 "", 81.0 см",Код: 18350,"419
.
99"
263,"Телевизор LG 28TN515S-PZ SMART TV, 27.5 "", 70.0 см",Код: 10233,"429
.
99"
264,"Телевизор JVC LT-32VAH3000 LED SMART TV, ANDROID, 32.0 "", 81.0 см",Код: 10452,"429
.
99"
265,"Телевизор JVC LT-32VAF3000 LED SMART TV, ANDROID, 32.0 "", 81.0 см",Код: 10456,"429
.
99"
266,"Телевизор HISENSE 32A5600F LED SMART TV, VIDAA, 32.0 "", 80.0 см",Код: 17064,"429
.
99"
267,"Телевизор SHARP 32BI5EA LED SMART TV, ANDROID, 32.0 "", 81.0 см",Код: 14998,"439
.
99"
268,"Телевизор HISENSE 32A5700FA LED SMART TV, ANDROID, 32.0 "", 80.0 см",Код: 17079,"439
.
99"
269,"Телевизор LG 32LM550BPLB LED 32.0 "", 80.0 см",Код: 16446,"449
.
00"
270,"Телевизор JVC LT-24VH4900 LED 24.0 "", 61.0 см",Код: 10443,"299
.
99"
271,"Телевизор JVC LT-24VAH3000 LED SMART TV, ANDROID, 24.0 "", 60.0 см",Код: 10463,"299
.
99"
272,"Телевизор SANG LE-32Z17 LED 32.0 "", 81.0 см",Код: 13880,"309
.
99"
273,"Телевизор LG 24TL510V-PZ TV+MONITOR 23.6 "", 60.0 см",Код: 16468,"329
.
99"
274,"Телевизор LG 24TL510V-WZ TV+MONITOR 23.6 "", 60.0 см",Код: 16470,"329
.
99"
275,"Телевизор SHARP 24BB0E LED 24.0 "", 60.0 см",Код: 15013,"339
.
99"
276,"Телевизор JVC LT-32VH3905 LED 32.0 "", 81.0 см",Код: 10425,"349
.
99"
277,"Телевизор HISENSE 32A5100F LED 32.0 "", 80.0 см",Код: 17062,"349
.
99"
278,"Телевизор PHILIPS 32PHT5505 LED 32.0 "", 80.0 см",Код: 15564,"379
.
00"
279,"Телевизор PHILIPS 24PFS5535 12V LED 24.0 "", 60.0 см",Код: 15712,"379
.
99"
280,"Телевизор LG 24TN510S-PZ TV+MONITOR SMART TV, 23.6 "", 60.0 см",Код: 10259,"379
.
99"
281,"Телевизор PHILIPS 32PHS5525 LED 32.0 "", 80.0 см",Код: 15546,"379
.
99"
282,"Телевизор PHILIPS 32PHS5505 LED 32.0 "", 80.0 см",Код: 15553,"379
.
99"
283,"Телевизор SMARTTECH SMT-40N30FC LED 40.0 "", 100.3 см",Код: 17076,"389
.
99"
284,"Телевизор LG 24TN510S-WZ TV+MONITOR SMART TV, 23.6 "", 60.0 см",Код: 10228,"399
.
99"
285,"Телевизор LG 28TN515S-WZ SMART TV, 27.5 "", 70.0 см",Код: 10231,"399
.
99"
286,"Телевизор LG 28TN515V-WZ TV+MONITOR 27.5 "", 70.0 см",Код: 10234,"399
.
99"
287,"Телевизор LG 28TN515V-PZ TV+MONITOR 27.5 "", 70.0 см",Код: 10242,"399
.
99"
288,"Телевизор SHARP 24BC0E LED SMART TV, 24.0 "", 60.0 см",Код: 15014,"399
.
99"
289,"Телевизор SMARTTECH SMT-32N30HV LED SMART TV, 32.0 "", 80.0 см",Код: 17072,"399
.
99"
290,"Телевизор SHARP 32BC3E LED SMART TV, 32.0 "", 81.0 см",Код: 15010,"409
.
99"
291,"Телевизор TOSHIBA 32WA3B63DG LED SMART TV, ANDROID, 32.0 "", 81.0 см",Код: 18342,"419
.
99"
292,"Телевизор TOSHIBA 32WA2063DG SMART TV, ANDROID, 32.0 "", 81.0 см",Код: 18350,"419
.
99"
293,"Телевизор LG 28TN515S-PZ SMART TV, 27.5 "", 70.0 см",Код: 10233,"429
.
99"
294,"Телевизор JVC LT-32VAH3000 LED SMART TV, ANDROID, 32.0 "", 81.0 см",Код: 10452,"429
.
99"
295,"Телевизор JVC LT-32VAF3000 LED SMART TV, ANDROID, 32.0 "", 81.0 см",Код: 10456,"429
.
99"
296,"Телевизор HISENSE 32A5600F LED SMART TV, VIDAA, 32.0 "", 80.0 см",Код: 17064,"429
.
99"
297,"Телевизор SHARP 32BI5EA LED SMART TV, ANDROID, 32.0 "", 81.0 см",Код: 14998,"439
.
99"
298,"Телевизор HISENSE 32A5700FA LED SMART TV, ANDROID, 32.0 "", 80.0 см",Код: 17079,"439
.
99"
299,"Телевизор LG 32LM550BPLB LED 32.0 "", 80.0 см",Код: 16446,"449
.
00"
300,"Телевизор JVC LT-24VH4900 LED 24.0 "", 61.0 см",Код: 10443,"299
.
99"
301,"Телевизор JVC LT-24VAH3000 LED SMART TV, ANDROID, 24.0 "", 60.0 см",Код: 10463,"299
.
99"
302,"Телевизор SANG LE-32Z17 LED 32.0 "", 81.0 см",Код: 13880,"309
.
99"
303,"Телевизор LG 24TL510V-PZ TV+MONITOR 23.6 "", 60.0 см",Код: 16468,"329
.
99"
304,"Телевизор LG 24TL510V-WZ TV+MONITOR 23.6 "", 60.0 см",Код: 16470,"329
.
99"
305,"Телевизор SHARP 24BB0E LED 24.0 "", 60.0 см",Код: 15013,"339
.
99"
306,"Телевизор JVC LT-32VH3905 LED 32.0 "", 81.0 см",Код: 10425,"349
.
99"
307,"Телевизор HISENSE 32A5100F LED 32.0 "", 80.0 см",Код: 17062,"349
.
99"
308,"Телевизор PHILIPS 32PHT5505 LED 32.0 "", 80.0 см",Код: 15564,"379
.
00"
309,"Телевизор PHILIPS 24PFS5535 12V LED 24.0 "", 60.0 см",Код: 15712,"379
.
99"
310,"Телевизор LG 24TN510S-PZ TV+MONITOR SMART TV, 23.6 "", 60.0 см",Код: 10259,"379
.
99"
311,"Телевизор PHILIPS 32PHS5525 LED 32.0 "", 80.0 см",Код: 15546,"379
.
99"
312,"Телевизор PHILIPS 32PHS5505 LED 32.0 "", 80.0 см",Код: 15553,"379
.
99"
313,"Телевизор SMARTTECH SMT-40N30FC LED 40.0 "", 100.3 см",Код: 17076,"389
.
99"
314,"Телевизор LG 24TN510S-WZ TV+MONITOR SMART TV, 23.6 "", 60.0 см",Код: 10228,"399
.
99"
315,"Телевизор LG 28TN515S-WZ SMART TV, 27.5 "", 70.0 см",Код: 10231,"399
.
99"
316,"Телевизор LG 28TN515V-WZ TV+MONITOR 27.5 "", 70.0 см",Код: 10234,"399
.
99"
317,"Телевизор LG 28TN515V-PZ TV+MONITOR 27.5 "", 70.0 см",Код: 10242,"399
.
99"
318,"Телевизор SHARP 24BC0E LED SMART TV, 24.0 "", 60.0 см",Код: 15014,"399
.
99"
319,"Телевизор SMARTTECH SMT-32N30HV LED SMART TV, 32.0 "", 80.0 см",Код: 17072,"399
.
99"
320,"Телевизор SHARP 32BC3E LED SMART TV, 32.0 "", 81.0 см",Код: 15010,"409
.
99"
321,"Телевизор TOSHIBA 32WA3B63DG LED SMART TV, ANDROID, 32.0 "", 81.0 см",Код: 18342,"419
.
99"
322,"Телевизор TOSHIBA 32WA2063DG SMART TV, ANDROID, 32.0 "", 81.0 см",Код: 18350,"419
.
99"
323,"Телевизор LG 28TN515S-PZ SMART TV, 27.5 "", 70.0 см",Код: 10233,"429
.
99"
324,"Телевизор JVC LT-32VAH3000 LED SMART TV, ANDROID, 32.0 "", 81.0 см",Код: 10452,"429
.
99"
325,"Телевизор JVC LT-32VAF3000 LED SMART TV, ANDROID, 32.0 "", 81.0 см",Код: 10456,"429
.
99"
326,"Телевизор HISENSE 32A5600F LED SMART TV, VIDAA, 32.0 "", 80.0 см",Код: 17064,"429
.
99"
327,"Телевизор SHARP 32BI5EA LED SMART TV, ANDROID, 32.0 "", 81.0 см",Код: 14998,"439
.
99"
328,"Телевизор HISENSE 32A5700FA LED SMART TV, ANDROID, 32.0 "", 80.0 см",Код: 17079,"439
.
99"
329,"Телевизор LG 32LM550BPLB LED 32.0 "", 80.0 см",Код: 16446,"449
.
00"
330,"Телевизор JVC LT-24VH4900 LED 24.0 "", 61.0 см",Код: 10443,"299
.
99"
331,"Телевизор JVC LT-24VAH3000 LED SMART TV, ANDROID, 24.0 "", 60.0 см",Код: 10463,"299
.
99"
332,"Телевизор SANG LE-32Z17 LED 32.0 "", 81.0 см",Код: 13880,"309
.
99"
333,"Телевизор LG 24TL510V-PZ TV+MONITOR 23.6 "", 60.0 см",Код: 16468,"329
.
99"
334,"Телевизор LG 24TL510V-WZ TV+MONITOR 23.6 "", 60.0 см",Код: 16470,"329
.
99"
335,"Телевизор SHARP 24BB0E LED 24.0 "", 60.0 см",Код: 15013,"339
.
99"
336,"Телевизор JVC LT-32VH3905 LED 32.0 "", 81.0 см",Код: 10425,"349
.
99"
337,"Телевизор HISENSE 32A5100F LED 32.0 "", 80.0 см",Код: 17062,"349
.
99"
338,"Телевизор PHILIPS 32PHT5505 LED 32.0 "", 80.0 см",Код: 15564,"379
.
00"
339,"Телевизор PHILIPS 24PFS5535 12V LED 24.0 "", 60.0 см",Код: 15712,"379
.
99"
340,"Телевизор LG 24TN510S-PZ TV+MONITOR SMART TV, 23.6 "", 60.0 см",Код: 10259,"379
.
99"
341,"Телевизор PHILIPS 32PHS5525 LED 32.0 "", 80.0 см",Код: 15546,"379
.
99"
342,"Телевизор PHILIPS 32PHS5505 LED 32.0 "", 80.0 см",Код: 15553,"379
.
99"
343,"Телевизор SMARTTECH SMT-40N30FC LED 40.0 "", 100.3 см",Код: 17076,"389
.
99"
344,"Телевизор LG 24TN510S-WZ TV+MONITOR SMART TV, 23.6 "", 60.0 см",Код: 10228,"399
.
99"
345,"Телевизор LG 28TN515S-WZ SMART TV, 27.5 "", 70.0 см",Код: 10231,"399
.
99"
346,"Телевизор LG 28TN515V-WZ TV+MONITOR 27.5 "", 70.0 см",Код: 10234,"399
.
99"
347,"Телевизор LG 28TN515V-PZ TV+MONITOR 27.5 "", 70.0 см",Код: 10242,"399
.
99"
348,"Телевизор SHARP 24BC0E LED SMART TV, 24.0 "", 60.0 см",Код: 15014,"399
.
99"
349,"Телевизор SMARTTECH SMT-32N30HV LED SMART TV, 32.0 "", 80.0 см",Код: 17072,"399
.
99"
350,"Телевизор SHARP 32BC3E LED SMART TV, 32.0 "", 81.0 см",Код: 15010,"409
.
99"
351,"Телевизор TOSHIBA 32WA3B63DG LED SMART TV, ANDROID, 32.0 "", 81.0 см",Код: 18342,"419
.
99"
352,"Телевизор TOSHIBA 32WA2063DG SMART TV, ANDROID, 32.0 "", 81.0 см",Код: 18350,"419
.
99"
353,"Телевизор LG 28TN515S-PZ SMART TV, 27.5 "", 70.0 см",Код: 10233,"429
.
99"
354,"Телевизор JVC LT-32VAH3000 LED SMART TV, ANDROID, 32.0 "", 81.0 см",Код: 10452,"429
.
99"
355,"Телевизор JVC LT-32VAF3000 LED SMART TV, ANDROID, 32.0 "", 81.0 см",Код: 10456,"429
.
99"
356,"Телевизор HISENSE 32A5600F LED SMART TV, VIDAA, 32.0 "", 80.0 см",Код: 17064,"429
.
99"
357,"Телевизор SHARP 32BI5EA LED SMART TV, ANDROID, 32.0 "", 81.0 см",Код: 14998,"439
.
99"
358,"Телевизор HISENSE 32A5700FA LED SMART TV, ANDROID, 32.0 "", 80.0 см",Код: 17079,"439
.
99"
359,"Телевизор LG 32LM550BPLB LED 32.0 "", 80.0 см",Код: 16446,"449
.
00"
360,"Телевизор JVC LT-24VH4900 LED 24.0 "", 61.0 см",Код: 10443,"299
.
99"
361,"Телевизор JVC LT-24VAH3000 LED SMART TV, ANDROID, 24.0 "", 60.0 см",Код: 10463,"299
.
99"
362,"Телевизор SANG LE-32Z17 LED 32.0 "", 81.0 см",Код: 13880,"309
.
99"
363,"Телевизор LG 24TL510V-PZ TV+MONITOR 23.6 "", 60.0 см",Код: 16468,"329
.
99"
364,"Телевизор LG 24TL510V-WZ TV+MONITOR 23.6 "", 60.0 см",Код: 16470,"329
.
99"
365,"Телевизор SHARP 24BB0E LED 24.0 "", 60.0 см",Код: 15013,"339
.
99"
366,"Телевизор JVC LT-32VH3905 LED 32.0 "", 81.0 см",Код: 10425,"349
.
99"
367,"Телевизор HISENSE 32A5100F LED 32.0 "", 80.0 см",Код: 17062,"349
.
99"
368,"Телевизор PHILIPS 32PHT5505 LED 32.0 "", 80.0 см",Код: 15564,"379
.
00"
369,"Телевизор PHILIPS 24PFS5535 12V LED 24.0 "", 60.0 см",Код: 15712,"379
.
99"
370,"Телевизор LG 24TN510S-PZ TV+MONITOR SMART TV, 23.6 "", 60.0 см",Код: 10259,"379
.
99"
371,"Телевизор PHILIPS 32PHS5525 LED 32.0 "", 80.0 см",Код: 15546,"379
.
99"
372,"Телевизор PHILIPS 32PHS5505 LED 32.0 "", 80.0 см",Код: 15553,"379
.
99"
373,"Телевизор SMARTTECH SMT-40N30FC LED 40.0 "", 100.3 см",Код: 17076,"389
.
99"
374,"Телевизор LG 24TN510S-WZ TV+MONITOR SMART TV, 23.6 "", 60.0 см",Код: 10228,"399
.
99"
375,"Телевизор LG 28TN515S-WZ SMART TV, 27.5 "", 70.0 см",Код: 10231,"399
.
99"
376,"Телевизор LG 28TN515V-WZ TV+MONITOR 27.5 "", 70.0 см",Код: 10234,"399
.
99"
377,"Телевизор LG 28TN515V-PZ TV+MONITOR 27.5 "", 70.0 см",Код: 10242,"399
.
99"
378,"Телевизор SHARP 24BC0E LED SMART TV, 24.0 "", 60.0 см",Код: 15014,"399
.
99"
379,"Телевизор SMARTTECH SMT-32N30HV LED SMART TV, 32.0 "", 80.0 см",Код: 17072,"399
.
99"
380,"Телевизор SHARP 32BC3E LED SMART TV, 32.0 "", 81.0 см",Код: 15010,"409
.
99"
381,"Телевизор TOSHIBA 32WA3B63DG LED SMART TV, ANDROID, 32.0 "", 81.0 см",Код: 18342,"419
.
99"
382,"Телевизор TOSHIBA 32WA2063DG SMART TV, ANDROID, 32.0 "", 81.0 см",Код: 18350,"419
.
99"
383,"Телевизор LG 28TN515S-PZ SMART TV, 27.5 "", 70.0 см",Код: 10233,"429
.
99"
384,"Телевизор JVC LT-32VAH3000 LED SMART TV, ANDROID, 32.0 "", 81.0 см",Код: 10452,"429
.
99"
385,"Телевизор JVC LT-32VAF3000 LED SMART TV, ANDROID, 32.0 "", 81.0 см",Код: 10456,"429
.
99"
386,"Телевизор HISENSE 32A5600F LED SMART TV, VIDAA, 32.0 "", 80.0 см",Код: 17064,"429
.
99"
387,"Телевизор SHARP 32BI5EA LED SMART TV, ANDROID, 32.0 "", 81.0 см",Код: 14998,"439
.
99"
388,"Телевизор HISENSE 32A5700FA LED SMART TV, ANDROID, 32.0 "", 80.0 см",Код: 17079,"439
.
99"
389,"Телевизор LG 32LM550BPLB LED 32.0 "", 80.0 см",Код: 16446,"449
.
00"
